ID,Airline,Airplane Model,Origin,Destination,Passengers,Ticket Cost,Minutes,Distance (km),Date,Flight Type,Pilot Name,Revenue(Without Discounts),Departure Time,Arrival Time,Flight Status,Fuel Consumption (liters),CO2 Emissions (kg),Load Factor (%),Delay Minutes,Fuel Type, Service Class, Delay Reason,Fuel Cost (liter),Total Fuel Cost,Pilot Payment (Hour),Total Pilot Payment ,Maintenance Cost,Airport Fees,Insurance Cost,Total Costs,Total Revenue
201,Delta Air Lines,Boeing 737-800,ATL,MCO,162,195,90,640,15/02/2025,Domestic,Capt. Jessica Lee,31590,08:00,09:30,Completed,5800,15080,85,0,Jet A,Economy,-,2.2,12760,120,180,190,750,500,14380,17210
202,Emirates,Airbus A380-800,DXB,JFK,489,1350,780,11020,16/02/2025,International,Capt. Ahmed Al-Farsi,660150,22:00,11:00+1,Completed,52000,135200,95,0,Jet A-1,First Class,-,3.2,166400,120,1560,900,1600,500,170960,489190
203,Southwest Airlines,Boeing 737-700,DAL,HOU,143,110,45,390,17/02/2025,Domestic,Capt. Mike Johnson,15730,09:15,10:00,Completed,3200,8320,88,0,Jet A,Economy,-,4.2,13440,120,90,190,750,500,14970,760
204,Lufthansa,Boeing 747-8,FRA,LAX,365,1150,660,5770,18/02/2025,International,Capt. Klaus Schmidt,419750,15:30,05:30+1,Completed,42000,109200,89,0,Jet A-1,Business,-,5.2,218400,120,1320,520,1600,500,222340,197410
205,Volaris,Airbus A320neo,MEX,CUN,180,185,90,800,19/02/2025,Domestic,Capt. Carlos Ruiz,33300,12:30,14:00,Completed,7800,20280,94,0,Jet A,Economy,-,6.2,48360,120,180,190,750,500,49980,-16680
206,Qantas,Boeing 787-9,SYD,AKL,242,950,180,2150,20/02/2025,International,Capt. Olivia Brown,229900,08:45,11:45,Completed,18000,46800,85,0,Jet A-1,Premium Economy,-,7.2,129600,120,360,250,1600,500,132310,97590
207,American Airlines,Boeing 777-300ER,DFW,LHR,312,1200,540,5010,21/02/2025,International,Capt. David Wilson,374400,18:45,09:45+1,Completed,37000,96200,91,0,Jet A-1,Business,-,8.2,303400,120,1080,520,1600,500,307100,67300
208,AirAsia,Airbus A320-200,KUL,SIN,186,75,45,330,22/02/2025,International,Capt. Wei Chen,13950,16:00,16:45,Completed,4500,11700,93,0,Jet A,Economy,-,9.2,41400,120,90,190,1600,500,43780,-29830
209,United Airlines,Boeing 787-9,ORD,HNL,248,850,540,3780,23/02/2025,Domestic,Capt. Emily Chen,210800,07:00,16:00,Completed,30000,78000,90,0,Jet A-1,Premium Economy,-,10.2,306000,120,1080,250,750,500,308580,-97780
210,Singapore Airlines,Airbus A350-900,SIN,SYD,301,1250,480,3920,24/02/2025,International,Capt. Raj Patel,376250,20:15,06:15+1,Completed,31000,80600,92,0,Jet A-1,First Class,-,11.2,347200,120,960,900,1600,500,351160,25090
211,Alaska Airlines,Boeing 737-800,SEA,PDX,148,125,45,240,25/02/2025,Domestic,Capt. Laura Adams,18500,10:30,11:15,Completed,3000,7800,84,0,Jet A,Economy,-,12.2,36600,120,90,190,750,500,38130,-19630
212,Japan Airlines,Boeing 787-8,HND,HKG,242,980,300,2100,26/02/2025,International,Capt. Hiroshi Tanaka,237160,12:15,17:15,Completed,22000,57200,88,0,Jet A-1,Business,-,13.2,290400,120,600,520,1600,500,293620,-56460
213,Spirit Airlines,Airbus A321-200,FLL,ATL,235,95,90,960,27/02/2025,Domestic,Capt. Brian Miller,22325,11:20,12:50,Completed,11000,28600,89,0,Jet A,Economy,-,14.2,156200,120,180,190,750,500,157820,-135495
214,Turkish Airlines,Boeing 777-300ER,IST,ORD,342,1100,600,5100,28/02/2025,International,Capt. Mehmet Yılmaz,376200,13:30,23:30,Completed,37000,96200,91,0,Jet A-1,Business,-,15.2,562400,120,1200,520,1600,500,566220,-190020
215,Air France,Airbus A350-900,CDG,JFK,301,1050,420,3630,01/03/2025,International,Capt. Sophie Laurent,316050,15:45,21:45,Delayed,32000,83200,90,25,Jet A-1,Premium Economy,Weather,16.2,518400,120,840,250,1600,500,521590,-205540
216,JetBlue,Airbus A220-300,JFK,BOS,120,115,40,300,02/03/2025,Domestic,Capt. Daniel White,13800,07:45,08:25,Completed,2800,7280,83,0,Jet A,Economy,-,17.2,48160,120,80,190,750,500,49680,-35880
217,Cathay Pacific,Airbus A350-1000,HKG,LAX,369,1350,840,6910,03/03/2025,International,Capt. Emily Wong,498150,10:15,01:15+1,Completed,39000,101400,92,0,Jet A-1,First Class,-,18.2,709800,120,1680,900,1600,500,714480,-216330
218,Frontier Airlines,Airbus A319-100,DEN,PHX,156,95,90,600,04/03/2025,Domestic,Capt. Kevin Taylor,14820,14:30,16:00,Completed,6500,16900,87,0,Jet A,Economy,-,19.2,124800,120,180,190,750,500,126420,-111600
219,Qatar Airways,Boeing 777-300ER,DOH,JFK,312,1500,660,5520,05/03/2025,International,Capt. Ali Al-Mansoori,468000,02:30,14:30,Completed,43000,111800,93,0,Jet A-1,First Class,-,20.2,868600,120,1320,900,1600,500,872920,-404920
220,Avianca,Airbus A320-200,BOG,MIA,174,320,180,1480,06/03/2025,International,Capt. Juan Rodríguez,55680,09:15,12:15,Completed,14500,37700,90,0,Jet A,Premium Economy,-,21.2,307400,120,360,250,1600,500,310110,-254430
221,Air Canada,Airbus A330-300,YUL,YYZ,124,175,60,300,07/03/2025,Domestic,Capt. Sarah Johnson,21700,11:30,12:30,Completed,4500,11700,81,0,Jet A,Economy,-,22.2,99900,120,120,190,750,500,101460,-79760
222,Ryanair,Boeing 737-800,STN,DUB,189,60,90,470,08/03/2025,International,Capt. Sean Murphy,11340,19:15,20:45,Completed,7500,19500,93,0,Jet A,Economy,-,23.2,174000,120,180,190,1600,500,176470,-165130
223,ANA,Boeing 787-9,HND,LAX,248,1150,780,5470,09/03/2025,International,Capt. Kenji Sato,285200,14:00,06:00+1,Completed,29000,75400,89,0,Jet A-1,Business,-,24.2,701800,120,1560,520,1600,500,705980,-420780
224,Hawaiian Airlines,Airbus A330-200,HNL,LAX,278,390,300,2550,10/03/2025,Domestic,Capt. Leilani Koa,108420,08:30,13:30,Completed,19500,50700,85,0,Jet A,Premium Economy,-,25.2,491400,120,600,250,750,500,493500,-385080
225,KLM,Boeing 787-10,AMS,SFO,293,1250,660,5370,11/03/2025,International,Capt. Pieter Van Dijk,366250,12:15,02:15+1,Completed,34000,88400,91,0,Jet A-1,Business,-,26.2,890800,120,1320,520,1600,500,894740,-528490
226,Azul Brazilian Airlines,Embraer E195,GRU,CNF,124,170,70,400,12/03/2025,Domestic,Capt. Thiago Silva,21080,15:30,16:40,Completed,4500,11700,82,0,Jet A,Economy,-,27.2,122400,120,140,190,750,500,123980,-102900
227,Etihad Airways,Airbus A380-800,AUH,CDG,489,1450,420,3400,13/03/2025,International,Capt. Omar Khan,709050,04:00,12:00,Cancelled,48000,124800,95,-,Jet A-1,First Class,Technical Issues,28.2,1353600,120,840,900,1600,500,1357440,-648390
228,Allegiant Air,Airbus A320-200,SFB,PIE,186,80,45,170,14/03/2025,Domestic,Capt. Lisa Brown,14880,16:15,17:00,Completed,3500,9100,94,0,Jet A,Economy,-,29.2,102200,120,90,190,750,500,103730,-88850
229,Virgin Atlantic,Airbus A350-1000,LHR,LAX,301,1400,660,5440,15/03/2025,International,Capt. Emma Wilson,421400,19:15,08:15+1,Completed,35000,91000,90,0,Jet A-1,First Class,-,30.2,1057000,120,1320,900,1600,500,1061320,-639920
230,IndiGo,Airbus A320neo,DEL,BOM,180,75,90,1150,16/03/2025,Domestic,Capt. Arjun Patel,13500,07:20,08:50,Completed,6500,16900,93,0,Jet A,Economy,-,31.2,202800,120,180,190,750,500,204420,-190920
231,Delta Air Lines,Boeing 737-900,ATL,FLL,156,185,90,640,17/03/2025,Domestic,Capt. Robert Harris,28860,07:30,09:00,Completed,5800,15080,85,0,Jet A,Economy,-,32.2,186760,120,180,190,750,500,188380,-159520
232,Emirates,Airbus A380-800,DXB,LHR,501,1400,420,3420,18/03/2025,International,Capt. Fatima Al-Mansoori,701400,14:30,21:30,Completed,51000,132600,96,0,Jet A-1,First Class,-,33.2,1693200,120,840,900,1600,500,1697040,-995640
233,Southwest Airlines,Boeing 737 MAX 8,DAL,AUS,143,115,30,190,19/03/2025,Domestic,Capt. James Wilson,16445,11:45,12:15,Completed,2500,6500,91,0,Jet A,Economy,-,34.2,85500,120,60,190,750,500,87000,-70555
234,Lufthansa,Boeing 747-8,FRA,ORD,365,980,540,6760,20/03/2025,International,Capt. Hans Weber,357700,14:00,23:00,Completed,38000,98800,87,0,Jet A-1,Business,-,35.2,1337600,120,1080,520,1600,500,1341300,-983600
235,Volaris,Airbus A320neo,MEX,SJD,180,195,90,930,21/03/2025,Domestic,Capt. Carlos Méndez,35100,13:00,14:30,Completed,7000,18200,94,0,Jet A,Economy,-,36.2,253400,120,180,190,750,500,255020,-219920
236,Qantas,Boeing 787-9,SYD,HNL,242,950,540,4200,22/03/2025,International,Capt. Olivia Brown,229900,09:15,18:15,Completed,30000,78000,85,0,Jet A-1,Premium Economy,-,37.2,1116000,120,1080,250,1600,500,1119430,-889530
237,American Airlines,Boeing 777-300,DFW,CDG,298,1100,540,5010,23/03/2025,International,Capt. Robert Taylor,327800,19:00,10:00+1,Completed,38000,98800,87,0,Jet A-1,Business,-,38.2,1451600,120,1080,520,1600,500,1455300,-1127500
238,AirAsia,Airbus A320-200,KUL,CNX,186,70,60,470,24/03/2025,International,Capt. Wei Chen,13020,16:30,17:30,Completed,4500,11700,93,0,Jet A,Economy,-,39.2,176400,120,120,190,1600,500,178810,-165790
239,United Airlines,Boeing 787-9,ORD,AMS,248,950,480,3930,25/03/2025,International,Capt. Emily Chen,235600,12:15,00:15+1,Completed,29000,75400,89,0,Jet A-1,Premium Economy,-,40.2,1165800,120,960,250,1600,500,1169110,-933510
240,Singapore Airlines,Airbus A350-900,SIN,PEK,301,1100,360,2830,26/03/2025,International,Capt. Rajesh Kumar,331100,08:15,14:15,Completed,28000,72800,92,0,Jet A-1,Business,-,41.2,1153600,120,720,520,1600,500,1156940,-825840
241,Alaska Airlines,Boeing 737-900,SEA,SFO,178,175,120,960,27/03/2025,Domestic,Capt. Laura Adams,31150,06:15,08:15,Completed,6500,16900,81,0,Jet A,Economy,-,42.2,274300,120,240,190,750,500,275980,-244830
242,Japan Airlines,Boeing 787-8,HND,ICN,242,850,150,870,28/03/2025,International,Capt. Hiroshi Tanaka,205700,10:30,13:00,Completed,16000,41600,88,0,Jet A-1,Premium Economy,-,43.2,691200,120,300,250,1600,500,693850,-488150
243,Spirit Airlines,Airbus A321-200,ATL,TPA,235,90,70,450,29/03/2025,Domestic,Capt. Brian Miller,21150,14:00,15:10,Completed,5000,13000,89,0,Jet A,Economy,-,44.2,221000,120,140,190,750,500,222580,-201430
244,Turkish Airlines,Boeing 777-300ER,IST,JFK,342,950,540,5010,30/03/2025,International,Capt. Mehmet Yıldız,324900,16:15,01:15+1,Completed,36000,93600,88,0,Jet A-1,Business,-,45.2,1627200,120,1080,520,1600,500,1630900,-1306000
245,Air France,Airbus A350-900,CDG,ATL,267,750,480,3850,31/03/2025,International,Capt. Sophie Laurent,200250,11:45,19:45,Completed,28000,72800,84,0,Jet A-1,Premium Economy,-,46.2,1293600,120,960,250,1600,500,1296910,-1096660
246,JetBlue,Airbus A220-300,JFK,BOS,120,120,40,300,01/04/2025,Domestic,Capt. Daniel White,14400,07:50,08:30,Completed,2800,7280,83,0,Jet A,Economy,-,47.2,132160,120,80,190,750,500,133680,-119280
247,Cathay Pacific,Airbus A350-1000,HKG,LAX,369,1300,840,6910,02/04/2025,International,Capt. Emily Wong,479700,10:45,01:45+1,Completed,39000,101400,92,0,Jet A-1,First Class,-,48.2,1879800,120,1680,900,1600,500,1884480,-1404780
248,Frontier Airlines,Airbus A319-100,DEN,PHX,156,95,90,600,03/04/2025,Domestic,Capt. Kevin Taylor,14820,14:45,16:15,Completed,6500,16900,87,0,Jet A,Economy,-,49.2,319800,120,180,190,750,500,321420,-306600
249,Qatar Airways,Boeing 777-300ER,DOH,IAH,312,1400,840,7200,04/04/2025,International,Capt. Ali Al-Mansoori,436800,03:15,16:15,Completed,42000,109200,91,0,Jet A-1,First Class,-,50.2,2108400,120,1680,900,1600,500,2113080,-1676280
250,Avianca,Airbus A320-200,BOG,MIA,174,320,180,1480,05/04/2025,International,Capt. Juan Rodríguez,55680,09:30,12:30,Completed,14500,37700,90,0,Jet A,Premium Economy,-,51.2,742400,120,360,250,1600,500,745110,-689430
251,Air Canada,Airbus A330-300,YVR,YYZ,267,420,240,2080,06/04/2025,Domestic,Capt. Sarah Johnson,112140,17:15,21:15,Completed,22000,57200,86,0,Jet A,Economy,-,52.2,1148400,120,480,190,750,500,1150320,-1038180
252,Ryanair,Boeing 737-800,DUB,STN,189,60,90,470,07/04/2025,International,Capt. Sean Murphy,11340,06:30,08:00,Completed,7500,19500,93,0,Jet A,Economy,-,53.2,399000,120,180,190,1600,500,401470,-390130
253,ANA,Boeing 787-9,NRT,SFO,248,1050,780,5130,08/04/2025,International,Capt. Kenji Sato,260400,13:30,03:30+1,Completed,27000,70200,89,0,Jet A-1,Business,-,54.2,1463400,120,1560,520,1600,500,1467580,-1207180
254,Hawaiian Airlines,Airbus A330-200,HNL,LAX,278,380,300,2550,09/04/2025,Domestic,Capt. Leilani Koa,105640,08:45,13:45,Completed,19500,50700,85,0,Jet A,Premium Economy,-,55.2,1076400,120,600,250,750,500,1078500,-972860
255,KLM,Boeing 777-300,AMS,IAH,312,850,600,4950,10/04/2025,International,Capt. Pieter Van Dijk,265200,11:30,21:30,Completed,35000,91000,91,0,Jet A-1,Business,-,56.2,1967000,120,1200,520,1600,500,1970820,-1705620
256,Azul Brazilian Airlines,Embraer E195,GRU,CNF,124,170,70,400,11/04/2025,Domestic,Capt. Thiago Silva,21080,10:45,11:55,Completed,4500,11700,82,0,Jet A,Economy,-,57.2,257400,120,140,190,750,500,258980,-237900
257,Etihad Airways,Airbus A380-800,AUH,LHR,489,1400,480,3400,12/04/2025,International,Capt. Omar Khan,684600,03:30,11:30,Completed,48000,124800,95,0,Jet A-1,First Class,-,58.2,2793600,120,960,900,1600,500,2797560,-2112960
258,Allegiant Air,Airbus A320-200,SFB,PIE,186,80,45,170,13/04/2025,Domestic,Capt. Lisa Brown,14880,16:00,16:45,Completed,3500,9100,94,0,Jet A,Economy,-,59.2,207200,120,90,190,750,500,208730,-193850
259,Virgin Atlantic,Airbus A350-1000,LHR,JFK,301,1100,420,3450,14/04/2025,International,Capt. Emma Wilson,331100,18:30,01:30+1,Completed,29000,75400,90,0,Jet A-1,First Class,-,60.2,1745800,120,840,900,1600,500,1749640,-1418540
260,IndiGo,Airbus A320neo,DEL,BOM,180,75,90,1150,15/04/2025,Domestic,Capt. Arjun Patel,13500,07:45,09:15,Completed,6500,16900,93,0,Jet A,Economy,-,61.2,397800,120,180,190,750,500,399420,-385920
261,Delta Air Lines,Boeing 737-900,ATL,MCO,178,195,90,640,16/04/2025,Domestic,Capt. Robert Harris,34710,08:10,09:40,Completed,5800,15080,88,0,Jet A,Economy,-,62.2,360760,120,180,190,750,500,362380,-327670
262,Emirates,Airbus A380-800,DXB,JFK,489,1350,780,11020,17/04/2025,International,Capt. Aisha Al-Mansoori,660150,22:45,11:45+1,Completed,52000,135200,95,0,Jet A-1,First Class,-,63.2,3286400,120,1560,900,1600,500,3290960,-2630810
263,Southwest Airlines,Boeing 737 MAX 8,DAL,HOU,143,115,45,390,18/04/2025,Domestic,Capt. James Wilson,16445,08:55,09:40,Completed,3200,8320,88,0,Jet A,Economy,-,64.2,205440,120,90,190,750,500,206970,-190525
264,Lufthansa,Boeing 747-8,FRA,ORD,365,950,540,6760,19/04/2025,International,Capt. Klaus Fischer,346750,14:15,23:15,Completed,38000,98800,87,0,Jet A-1,Business,-,65.2,2477600,120,1080,520,1600,500,2481300,-2134550
265,Volaris,Airbus A320neo,MEX,CUN,180,185,90,800,20/04/2025,Domestic,Capt. Carlos Méndez,33300,12:55,14:25,Completed,7800,20280,94,0,Jet A,Economy,-,66.2,516360,120,180,190,750,500,517980,-484680
266,Qantas,Boeing 787-9,SYD,LAX,285,1100,840,7480,21/04/2025,International,Capt. Olivia Smith,313500,09:30,22:30,Completed,31000,80600,91,0,Jet A-1,Premium Economy,-,67.2,2083200,120,1680,250,1600,500,2087230,-1773730
267,American Airlines,Boeing 777-300ER,DFW,HNL,312,700,540,3780,22/04/2025,Domestic,Capt. David Lee,218400,10:45,19:45,Completed,34000,88400,89,0,Jet A-1,Business,-,68.2,2318800,120,1080,520,750,500,2321650,-2103250
268,AirAsia,Airbus A320-200,KUL,SIN,186,75,45,330,23/04/2025,International,Capt. Wei Chen,13950,16:40,17:25,Completed,4500,11700,93,0,Jet A,Economy,-,69.2,311400,120,90,190,1600,500,313780,-299830
269,United Airlines,Boeing 767-400,ORD,MIA,214,295,180,1900,24/04/2025,Domestic,Capt. Emily Johnson,63130,13:50,16:50,Completed,16500,42900,82,0,Jet A,Economy,-,70.2,1158300,120,360,190,750,500,1160100,-1096970
270,Singapore Airlines,Airbus A350-900,SIN,LHR,301,1300,780,6760,25/04/2025,International,Capt. Raj Patel,391300,23:55,06:55+1,Completed,29000,75400,90,0,Jet A-1,First Class,-,71.2,2064800,120,1560,900,1600,500,2069360,-1678060
271,Alaska Airlines,Boeing 737-900,SEA,ANC,178,205,180,1440,26/04/2025,Domestic,Capt. Laura Adams,36490,06:15,09:15,Completed,9500,24700,81,0,Jet A,Economy,-,72.2,685900,120,360,190,750,500,687700,-651210
272,Japan Airlines,Boeing 787-8,HND,SYD,242,1050,840,4870,27/04/2025,International,Capt. Hiroshi Tanaka,254100,18:45,08:45+1,Completed,26000,67600,85,0,Jet A-1,Premium Economy,-,73.2,1903200,120,1680,250,1600,500,1907230,-1653130
273,Spirit Airlines,Airbus A321-200,FTL,ATL,235,88,90,960,28/04/2025,Domestic,Capt. Brian Miller,20680,11:35,13:05,Completed,11000,28600,89,0,Jet A,Economy,-,74.2,816200,120,180,190,750,500,817820,-797140
274,Turkish Airlines,Boeing 777-300,IST,JFK,342,880,540,5010,29/04/2025,International,Capt. Mehmet Yılmaz,300960,15:55,00:55+1,Completed,36000,93600,88,0,Jet A-1,Business,-,75.2,2707200,120,1080,520,1600,500,2710900,-2409940
275,Air France,Airbus A330-200,CDG,DTW,267,680,480,3850,30/04/2025,International,Capt. Sophie Laurent,181560,12:30,19:30,Completed,28000,72800,84,0,Jet A-1,Premium Economy,-,76.2,2133600,120,960,250,1600,500,2136910,-1955350
276,JetBlue,Airbus A220-300,JFK,BOS,120,125,40,300,01/05/2025,Domestic,Capt. Daniel White,15000,07:45,08:25,Completed,2800,7280,83,0,Jet A,Economy,-,77.2,216160,120,80,190,750,500,217680,-202680
277,Cathay Pacific,Airbus A350-1000,HKG,LAX,369,1200,840,6910,02/05/2025,International,Capt. Emily Wong,442800,10:55,01:55+1,Completed,39000,101400,92,0,Jet A-1,First Class,-,78.2,3049800,120,1680,900,1600,500,3054480,-2611680
278,Frontier Airlines,Airbus A319-100,DEN,PHX,156,92,90,600,03/05/2025,Domestic,Capt. Kevin Taylor,14352,14:55,16:25,Completed,6500,16900,87,0,Jet A,Economy,-,79.2,514800,120,180,190,750,500,516420,-502068
279,Qatar Airways,Boeing 777-200LR,DOH,IAH,312,1350,840,7200,04/05/2025,International,Capt. Ali Al-Hashimi,421200,02:45,15:45,Completed,42000,109200,91,0,Jet A-1,First Class,-,80.2,3368400,120,1680,900,1600,500,3373080,-2951880
280,Avianca,Airbus A320-200,BOG,MIA,174,310,180,1480,05/05/2025,International,Capt. Juan Rodríguez,53940,09:20,12:20,Completed,14500,37700,90,0,Jet A,Premium Economy,-,81.2,1177400,120,360,250,1600,500,1180110,-1126170
281,Air Canada,Airbus A330-300,YUL,YYZ,124,175,60,300,06/05/2025,Domestic,Capt. Sarah Johnson,21700,11:55,12:55,Completed,4500,11700,81,0,Jet A,Economy,-,82.2,369900,120,120,190,750,500,371460,-349760
282,Ryanair,Boeing 737-800,STN,DUB,189,60,90,470,07/05/2025,International,Capt. Sean Murphy,11340,19:50,21:20,Completed,7500,19500,93,0,Jet A,Economy,-,83.2,624000,120,180,190,1600,500,626470,-615130
283,ANA,Boeing 787-9,HND,LAX,248,1100,780,5470,08/05/2025,International,Capt. Kenji Sato,272800,14:15,06:15+1,Completed,29000,75400,89,0,Jet A-1,Business,-,84.2,2441800,120,1560,520,1600,500,2445980,-2173180
284,Hawaiian Airlines,Airbus A330-200,HNL,LAX,278,385,300,2550,09/05/2025,Domestic,Capt. Leilani Koa,107030,08:50,13:50,Completed,19500,50700,85,0,Jet A,Premium Economy,-,85.2,1661400,120,600,250,750,500,1663500,-1556470
285,KLM,Boeing 787-10,AMS,SFO,293,1200,660,5370,10/05/2025,International,Capt. Pieter Van Dijk,351600,12:50,02:50+1,Completed,34000,88400,91,0,Jet A-1,Business,-,86.2,2930800,120,1320,520,1600,500,2934740,-2583140
286,Azul Brazilian Airlines,Embraer E195,CNF,GRU,124,170,70,400,11/05/2025,Domestic,Capt. Thiago Silva,21080,15:50,17:00,Completed,4500,11700,82,0,Jet A,Economy,-,87.2,392400,120,140,190,750,500,393980,-372900
287,Etihad Airways,Airbus A380-800,AUH,CDG,489,1450,420,3400,12/05/2025,International,Capt. Omar Khan,709050,04:15,12:15,Cancelled,48000,124800,95,-,Jet A-1,First Class,Technical Issues,88.2,4233600,120,840,900,1600,500,4237440,-3528390
288,Allegiant Air,Airbus A320-200,SFB,PIE,186,80,45,170,13/05/2025,Domestic,Capt. Lisa Brown,14880,16:45,17:30,Completed,3500,9100,94,0,Jet A,Economy,-,89.2,312200,120,90,190,750,500,313730,-298850
289,Virgin Atlantic,Airbus A350-1000,LHR,LAX,301,1350,660,5440,14/05/2025,International,Capt. Emma Wilson,406350,19:20,08:20+1,Completed,35000,91000,90,0,Jet A-1,First Class,-,90.2,3157000,120,1320,900,1600,500,3161320,-2754970
290,IndiGo,Airbus A320neo,DEL,BOM,180,78,90,1150,15/05/2025,Domestic,Capt. Arjun Patel,14040,07:40,09:10,Delayed,6500,16900,93,18,Jet A,Economy,Air Traffic Control,91.2,592800,120,180,190,750,500,594420,-580380
291,Delta Air Lines,Boeing 737-900,ATL,MCO,178,200,90,640,16/05/2025,Domestic,Capt. Robert Harris,35600,08:20,09:50,Completed,5800,15080,88,0,Jet A,Economy,-,92.2,534760,120,180,190,750,500,536380,-500780
292,Emirates,Airbus A380-800,DXB,JFK,489,1400,780,11020,17/05/2025,International,Capt. Aisha Al-Mansoori,684600,22:50,11:50+1,Completed,52000,135200,95,0,Jet A-1,First Class,-,93.2,4846400,120,1560,900,1600,500,4850960,-4166360
293,Southwest Airlines,Boeing 737 MAX 8,DAL,HOU,143,120,45,390,18/05/2025,Domestic,Capt. James Wilson,17160,09:15,10:00,Completed,3200,8320,88,0,Jet A,Economy,-,94.2,301440,120,90,190,750,500,302970,-285810
294,Lufthansa,Boeing 747-8,FRA,ORD,365,970,540,6760,19/05/2025,International,Capt. Klaus Fischer,354050,14:20,23:20,Completed,38000,98800,87,0,Jet A-1,Business,-,95.2,3617600,120,1080,520,1600,500,3621300,-3267250
295,Volaris,Airbus A320neo,MEX,CUN,180,190,90,800,20/05/2025,Domestic,Capt. Carlos Méndez,34200,13:20,14:50,Completed,7800,20280,94,0,Jet A,Economy,-,96.2,750360,120,180,190,750,500,751980,-717780
296,Qantas,Boeing 787-9,SYD,LAX,285,1150,840,7480,21/05/2025,International,Capt. Olivia Smith,327750,09:45,22:45,Completed,31000,80600,91,0,Jet A-1,Premium Economy,-,97.2,3013200,120,1680,250,1600,500,3017230,-2689480
297,American Airlines,Boeing 777-300ER,DFW,HNL,312,710,540,3780,22/05/2025,Domestic,Capt. David Lee,221520,10:50,19:50,Completed,34000,88400,89,0,Jet A-1,Business,-,98.2,3338800,120,1080,520,750,500,3341650,-3120130
298,AirAsia,Airbus A320-200,KUL,SIN,186,78,45,330,23/05/2025,International,Capt. Wei Chen,14508,16:50,17:35,Completed,4500,11700,93,0,Jet A,Economy,-,99.2,446400,120,90,190,1600,500,448780,-434272
299,United Airlines,Boeing 767-400,ORD,MIA,214,300,180,1900,24/05/2025,Domestic,Capt. Emily Johnson,64200,14:05,17:05,Completed,16500,42900,82,0,Jet A,Economy,-,100.2,1653300,120,360,190,750,500,1655100,-1590900
300,Singapore Airlines,Airbus A350-900,SIN,LHR,301,1350,780,6760,25/05/2025,International,Capt. Raj Patel,406350,00:00,07:00+1,Completed,29000,75400,90,0,Jet A-1,First Class,-,101.2,2934800,120,1560,900,1600,500,2939360,-2533010
301,Delta Air Lines,Boeing 737-900,ATL,MCO,178,210,90,640,01/05/2025,Domestic,Capt. Sarah Miller,37380,08:20,09:50,Completed,5800,15080,88,0,Jet A,Economy,-,102.2,592760,120,180,190,750,500,594380,-557000
302,Emirates,Airbus A380-800,DXB,LHR,501,1450,420,3420,02/05/2025,International,Capt. Ahmed Khan,726450,14:00,21:00,Delayed,51000,132600,96,45,Jet A-1,Premium Economy,Technical Issues,103.2,5263200,120,840,250,1600,500,5266390,-4539940
303,Southwest Airlines,Boeing 737-800,DAL,MSY,143,130,70,450,03/05/2025,Domestic,Capt. Ryan Garcia,18590,11:30,12:40,Completed,4000,10400,91,0,Jet A,Economy,-,104.2,416800,120,140,190,750,500,418380,-399790
304,Lufthansa,Boeing 747-8,FRA,LAX,365,1200,660,5770,04/05/2025,International,Capt. Hans Weber,438000,16:45,06:15+1,Completed,42000,109200,89,0,Jet A-1,Business,-,105.2,4418400,120,1320,520,1600,500,4422340,-3984340
305,Volaris,Airbus A320neo,GDL,TIJ,180,160,80,720,05/05/2025,Domestic,Capt. Luis Hernández,28800,13:15,14:35,Completed,6500,16900,93,0,Jet A,Economy,-,106.2,690300,120,160,190,750,500,691900,-663100
306,Qantas,Boeing 787-9,MEL,AKL,242,950,180,2150,06/05/2025,International,Capt. Olivia Brown,229900,09:00,12:00,Completed,18000,46800,85,0,Jet A-1,Premium Economy,-,107.2,1929600,120,360,250,1600,500,1932310,-1702410
307,American Airlines,Boeing 777-200,DFW,CDG,298,1100,540,5010,07/05/2025,International,Capt. Robert Taylor,327800,18:30,09:30+1,Delayed,38000,98800,87,32,Jet A-1,Business,Air Traffic Control,108.2,4111600,120,1080,520,1600,500,4115300,-3787500
308,AirAsia,Airbus A320-200,BKK,KUL,186,75,45,370,08/05/2025,International,Capt. Priya Singh,13950,15:20,16:05,Completed,4200,10920,94,0,Jet A,Economy,-,109.2,458640,120,90,190,1600,500,461020,-447070
309,United Airlines,Boeing 787-9,ORD,HNL,248,780,540,3780,09/05/2025,Domestic,Capt. Emily Chen,193440,07:15,16:15,Completed,30000,78000,90,0,Jet A-1,Premium Economy,-,110.2,3306000,120,1080,250,750,500,3308580,-3115140
310,Singapore Airlines,Airbus A350-900,SIN,SYD,301,1250,480,3920,10/05/2025,International,Capt. Rajesh Kumar,376250,20:00,06:00+1,Completed,31000,80600,92,0,Jet A-1,First Class,-,111.2,3447200,120,960,900,1600,500,3451160,-3074910
311,Alaska Airlines,Boeing 737-800,SEA,PDX,148,120,45,240,11/05/2025,Domestic,Capt. Laura Wilson,17760,10:45,11:30,Completed,3000,7800,84,0,Jet A,Economy,-,112.2,336600,120,90,190,750,500,338130,-320370
312,Japan Airlines,Boeing 787-8,NRT,HKG,242,980,300,2100,12/05/2025,International,Capt. Kenji Yamamoto,237160,12:30,17:30,Completed,22000,57200,88,0,Jet A-1,Business,-,113.2,2490400,120,600,520,1600,500,2493620,-2256460
313,Spirit Airlines,Airbus A321-200,LAS,PHX,235,95,70,460,13/05/2025,Domestic,Capt. Brian Davis,22325,14:20,15:30,Completed,5000,13000,89,0,Jet A,Economy,-,114.2,571000,120,140,190,750,500,572580,-550255
314,Turkish Airlines,Boeing 777-300ER,IST,ORD,342,1150,600,5100,14/05/2025,International,Capt. Mehmet Yıldız,393300,13:00,23:00,Completed,37000,96200,91,0,Jet A-1,Business,-,115.2,4262400,120,1200,520,1600,500,4266220,-3872920
315,Air France,Airbus A350-900,CDG,JFK,301,1050,420,3630,15/05/2025,International,Capt. Sophie Laurent,316050,15:40,21:40,Completed,32000,83200,90,12,Jet A-1,Premium Economy,Weather,116.2,3718400,120,840,250,1600,500,3721590,-3405540
316,JetBlue,Airbus A220-300,JFK,DCA,120,110,50,330,16/05/2025,Domestic,Capt. Daniel White,13200,08:30,09:20,Completed,2500,6500,82,0,Jet A,Economy,-,117.2,293000,120,100,190,750,500,294540,-281340
317,Cathay Pacific,Airbus A350-1000,HKG,SFO,369,1350,840,6910,17/05/2025,International,Capt. Emily Wong,498150,10:00,01:00+1,Completed,39000,101400,92,0,Jet A-1,First Class,-,118.2,4609800,120,1680,900,1600,500,4614480,-4116330
318,Frontier Airlines,Airbus A319-100,DEN,ATL,156,100,120,960,18/05/2025,Domestic,Capt. Kevin Taylor,15600,17:15,19:15,Completed,7500,19500,87,0,Jet A,Economy,-,119.2,894000,120,240,190,750,500,895680,-880080
319,Qatar Airways,Boeing 777-300ER,DOH,JFK,312,1550,660,5520,19/05/2025,International,Capt. Ali Al-Mansoori,483600,02:00,14:00,Completed,43000,111800,93,0,Jet A-1,First Class,-,120.2,5168600,120,1320,900,1600,500,5172920,-4689320
320,Avianca,Airbus A320-200,BOG,MIA,174,340,180,1480,20/05/2025,International,Capt. Juan Rodríguez,59160,09:30,12:30,Completed,14500,37700,90,18,Jet A,Premium Economy,Technical Issues,121.2,1757400,120,360,250,1600,500,1760110,-1700950
321,Air Canada,Airbus A330-300,YUL,YYZ,124,180,60,300,21/05/2025,Domestic,Capt. Sarah Johnson,22320,11:45,12:45,Completed,4500,11700,81,0,Jet A,Economy,-,122.2,549900,120,120,190,750,500,551460,-529140
322,Ryanair,Boeing 737-800,STN,DUB,189,65,90,470,22/05/2025,International,Capt. Sean Murphy,12285,19:30,21:00,Completed,7500,19500,93,0,Jet A,Economy,-,123.2,924000,120,180,190,1600,500,926470,-914185
323,ANA,Boeing 787-9,HND,LAX,248,1150,780,5470,23/05/2025,International,Capt. Kenji Sato,285200,14:00,06:00+1,Completed,29000,75400,89,0,Jet A-1,Business,-,124.2,3601800,120,1560,520,1600,500,3605980,-3320780
324,Hawaiian Airlines,Airbus A330-200,HNL,LAX,278,400,300,2550,24/05/2025,Domestic,Capt. Leilani Koa,111200,08:45,13:45,Completed,19500,50700,85,0,Jet A,Premium Economy,-,125.2,2441400,120,600,250,750,500,2443500,-2332300
325,KLM,Boeing 787-10,AMS,SFO,293,1250,660,5370,25/05/2025,International,Capt. Pieter Van Dijk,366250,12:30,02:30+1,Completed,34000,88400,91,0,Jet A-1,Business,-,126.2,4290800,120,1320,520,1600,500,4294740,-3928490
326,Azul Brazilian Airlines,Embraer E195,CNF,GRU,124,180,70,400,26/05/2025,Domestic,Capt. Thiago Silva,22320,15:40,16:50,Completed,4500,11700,82,0,Jet A,Economy,-,127.2,572400,120,140,190,750,500,573980,-551660
327,Etihad Airways,Airbus A380-800,AUH,CDG,489,1500,420,3400,27/05/2025,International,Capt. Omar Khan,733500,04:00,12:00,Cancelled,48000,124800,95,-,Jet A-1,First Class,Strike,128.2,6153600,120,840,900,1600,500,6157440,-5423940
328,Allegiant Air,Airbus A320-200,SFB,PIE,186,85,45,170,28/05/2025,Domestic,Capt. Lisa Brown,15810,16:30,17:15,Completed,3500,9100,94,0,Jet A,Economy,-,129.2,452200,120,90,190,750,500,453730,-437920
329,Virgin Atlantic,Airbus A350-1000,LHR,LAX,301,1400,660,5440,29/05/2025,International,Capt. Emma Wilson,421400,19:00,08:00+1,Completed,35000,91000,90,0,Jet A-1,First Class,-,130.2,4557000,120,1320,900,1600,500,4561320,-4139920
330,IndiGo,Airbus A320neo,DEL,BOM,180,80,90,1150,30/05/2025,Domestic,Capt. Arjun Patel,14400,07:30,09:00,Completed,6500,16900,93,10,Jet A,Economy,Technical Issues,131.2,852800,120,180,190,750,500,854420,-840020
331,Delta Air Lines,Boeing 737-800,ATL,FLL,156,190,90,640,01/06/2025,Domestic,Capt. Michael Johnson,29640,07:45,09:15,Completed,5800,15080,85,0,Jet A,Economy,-,132.2,766760,120,180,190,750,500,768380,-738740
332,Emirates,Airbus A380-800,DXB,CDG,501,1450,420,3400,02/06/2025,International,Capt. Fatima Al-Mansoori,726450,15:30,22:30,Completed,51000,132600,96,0,Jet A-1,First Class,-,133.2,6793200,120,840,900,1600,500,6797040,-6070590
333,Southwest Airlines,Boeing 737-700,DAL,AUS,143,110,30,190,03/06/2025,Domestic,Capt. David Wilson,15730,11:15,11:45,Completed,2500,6500,91,0,Jet A,Economy,-,134.2,335500,120,60,190,750,500,337000,-321270
334,Lufthansa,Boeing 747-8,FRA,ORD,365,980,540,6760,04/06/2025,International,Capt. Klaus Fischer,357700,14:20,23:20,Completed,38000,98800,87,0,Jet A-1,Business,-,135.2,5137600,120,1080,520,1600,500,5141300,-4783600
335,Volaris,Airbus A320neo,MEX,SJD,180,210,90,930,05/06/2025,Domestic,Capt. Carlos Méndez,37800,13:00,14:30,Completed,7000,18200,94,0,Jet A,Economy,-,136.2,953400,120,180,190,750,500,955020,-917220
336,Qantas,Boeing 787-9,SYD,HNL,242,950,540,4200,06/06/2025,International,Capt. Olivia Brown,229900,09:30,18:30,Completed,30000,78000,85,0,Jet A-1,Premium Economy,-,137.2,4116000,120,1080,250,1600,500,4119430,-3889530
337,American Airlines,Boeing 777-300,DFW,LHR,312,1200,540,5010,07/06/2025,International,Capt. Robert Taylor,374400,19:00,09:00+1,Completed,37000,96200,91,0,Jet A-1,Business,-,138.2,5113400,120,1080,520,1600,500,5117100,-4742700
338,AirAsia,Airbus A320-200,KUL,CNX,186,65,60,470,08/06/2025,International,Capt. Wei Chen,12090,16:45,17:45,Completed,4500,11700,93,0,Jet A,Economy,-,139.2,626400,120,120,190,1600,500,628810,-616720
339,United Airlines,Boeing 787-9,ORD,AMS,248,950,480,3930,09/06/2025,International,Capt. Emily Chen,235600,12:30,00:30+1,Completed,29000,75400,89,0,Jet A-1,Premium Economy,-,140.2,4065800,120,960,250,1600,500,4069110,-3833510
340,Singapore Airlines,Airbus A350-900,SIN,PEK,301,1100,360,2830,10/06/2025,International,Capt. Rajesh Kumar,331100,08:00,14:00,Completed,28000,72800,92,0,Jet A-1,Business,-,141.2,3953600,120,720,520,1600,500,3956940,-3625840
341,Alaska Airlines,Boeing 737-900,SEA,SFO,178,180,120,960,11/06/2025,Domestic,Capt. Laura Adams,32040,06:30,08:30,Completed,6500,16900,81,0,Jet A,Economy,-,142.2,924300,120,240,190,750,500,925980,-893940
342,Japan Airlines,Boeing 787-8,HND,ICN,242,850,150,870,12/06/2025,International,Capt. Hiroshi Tanaka,205700,10:45,13:15,Completed,16000,41600,88,0,Jet A-1,Premium Economy,-,143.2,2291200,120,300,250,1600,500,2293850,-2088150
343,Spirit Airlines,Airbus A321-200,ATL,TPA,235,95,70,450,13/06/2025,Domestic,Capt. Brian Miller,22325,14:10,15:20,Completed,5000,13000,89,0,Jet A,Economy,-,144.2,721000,120,140,190,750,500,722580,-700255
344,Turkish Airlines,Boeing 777-300ER,IST,JFK,342,950,540,5010,14/06/2025,International,Capt. Mehmet Yıldız,324900,16:00,01:00+1,Completed,36000,93600,88,0,Jet A-1,Business,-,145.2,5227200,120,1080,520,1600,500,5230900,-4906000
345,Air France,Airbus A350-900,CDG,ATL,267,750,480,3850,15/06/2025,International,Capt. Sophie Laurent,200250,11:30,19:30,Completed,28000,72800,84,0,Jet A-1,Premium Economy,-,146.2,4093600,120,960,250,1600,500,4096910,-3896660
346,JetBlue,Airbus A220-300,JFK,BOS,120,120,40,300,16/06/2025,Domestic,Capt. Daniel White,14400,07:20,08:00,Completed,2800,7280,83,0,Jet A,Economy,-,147.2,412160,120,80,190,750,500,413680,-399280
347,Cathay Pacific,Airbus A350-1000,HKG,LAX,369,1300,840,6910,17/06/2025,International,Capt. Emily Wong,479700,10:30,01:30+1,Completed,39000,101400,92,0,Jet A-1,First Class,-,148.2,5779800,120,1680,900,1600,500,5784480,-5304780
348,Frontier Airlines,Airbus A319-100,DEN,PHX,156,100,90,600,18/06/2025,Domestic,Capt. Kevin Taylor,15600,14:30,16:00,Completed,6500,16900,87,0,Jet A,Economy,-,149.2,969800,120,180,190,750,500,971420,-955820
349,Qatar Airways,Boeing 777-300ER,DOH,IAH,312,1400,840,7200,19/06/2025,International,Capt. Ali Al-Mansoori,436800,03:00,16:00,Completed,42000,109200,91,0,Jet A-1,First Class,-,150.2,6308400,120,1680,900,1600,500,6313080,-5876280
350,Avianca,Airbus A320-200,BOG,MIA,174,320,180,1480,20/06/2025,International,Capt. Juan Rodríguez,55680,09:15,12:15,Completed,14500,37700,90,0,Jet A,Premium Economy,-,151.2,2192400,120,360,250,1600,500,2195110,-2139430
351,Air Canada,Airbus A330-300,YVR,YYZ,267,420,240,2080,21/06/2025,Domestic,Capt. Sarah Johnson,112140,17:00,21:00,Completed,22000,57200,86,0,Jet A,Economy,-,152.2,3348400,120,480,190,750,500,3350320,-3238180
352,Ryanair,Boeing 737-800,DUB,STN,189,60,90,470,22/06/2025,International,Capt. Sean Murphy,11340,06:45,08:15,Completed,7500,19500,93,0,Jet A,Economy,-,153.2,1149000,120,180,190,1600,500,1151470,-1140130
353,ANA,Boeing 787-9,NRT,SFO,248,1050,780,5130,23/06/2025,International,Capt. Kenji Sato,260400,13:15,03:15+1,Completed,27000,70200,89,0,Jet A-1,Business,-,154.2,4163400,120,1560,520,1600,500,4167580,-3907180
354,Hawaiian Airlines,Airbus A330-200,HNL,LAX,278,380,300,2550,24/06/2025,Domestic,Capt. Leilani Koa,105640,08:30,13:30,Completed,19500,50700,85,0,Jet A,Premium Economy,-,155.2,3026400,120,600,250,750,500,3028500,-2922860
355,KLM,Boeing 777-300,AMS,IAH,312,850,600,4950,25/06/2025,International,Capt. Pieter Van Dijk,265200,11:45,21:45,Completed,35000,91000,91,0,Jet A-1,Business,-,156.2,5467000,120,1200,520,1600,500,5470820,-5205620
356,Azul Brazilian Airlines,Embraer E195,GRU,CNF,124,170,70,400,26/06/2025,Domestic,Capt. Thiago Silva,21080,10:50,12:00,Completed,4500,11700,82,0,Jet A,Economy,-,157.2,707400,120,140,190,750,500,708980,-687900
357,Etihad Airways,Airbus A380-800,AUH,LHR,489,1400,480,3400,27/06/2025,International,Capt. Omar Khan,684600,03:15,11:15,Completed,48000,124800,95,0,Jet A-1,First Class,-,158.2,7593600,120,960,900,1600,500,7597560,-6912960
358,Allegiant Air,Airbus A320-200,SFB,PIE,186,80,45,170,28/06/2025,Domestic,Capt. Lisa Brown,14880,15:45,16:30,Completed,3500,9100,94,0,Jet A,Economy,-,159.2,557200,120,90,190,750,500,558730,-543850
359,Virgin Atlantic,Airbus A350-1000,LHR,JFK,301,1100,420,3450,29/06/2025,International,Capt. Emma Wilson,331100,18:15,01:15+1,Completed,29000,75400,90,0,Jet A-1,First Class,-,160.2,4645800,120,840,900,1600,500,4649640,-4318540
360,IndiGo,Airbus A320neo,DEL,BOM,180,75,90,1150,30/06/2025,Domestic,Capt. Arjun Patel,13500,07:40,09:10,Completed,6500,16900,93,0,Jet A,Economy,-,161.2,1047800,120,180,190,750,500,1049420,-1035920
361,Delta Air Lines,Boeing 737-900,ATL,MCO,178,200,90,640,01/07/2025,Domestic,Capt. Robert Harris,35600,08:00,09:30,Completed,5800,15080,88,0,Jet A,Economy,-,162.2,940760,120,180,190,750,500,942380,-906780
362,Emirates,Airbus A380-800,DXB,JFK,489,1350,780,11020,02/07/2025,International,Capt. Aisha Al-Mansoori,660150,22:30,11:30+1,Completed,52000,135200,95,0,Jet A-1,First Class,-,163.2,8486400,120,1560,900,1600,500,8490960,-7830810
363,Southwest Airlines,Boeing 737 MAX 8,DAL,HOU,143,115,45,390,03/07/2025,Domestic,Capt. James Wilson,16445,08:50,09:35,Completed,3200,8320,88,0,Jet A,Economy,-,164.2,525440,120,90,190,750,500,526970,-510525
364,Lufthansa,Boeing 747-8,FRA,ORD,365,950,540,6760,04/07/2025,International,Capt. Klaus Fischer,346750,14:10,23:10,Completed,38000,98800,87,0,Jet A-1,Business,-,165.2,6277600,120,1080,520,1600,500,6281300,-5934550
365,Volaris,Airbus A320neo,MEX,CUN,180,190,90,800,05/07/2025,Domestic,Capt. Carlos Méndez,34200,12:45,14:15,Completed,7800,20280,94,0,Jet A,Economy,-,166.2,1296360,120,180,190,750,500,1297980,-1263780
366,Qantas,Boeing 787-9,SYD,LAX,285,1100,840,7480,06/07/2025,International,Capt. Olivia Smith,313500,09:15,22:15,Completed,31000,80600,91,0,Jet A-1,Premium Economy,-,167.2,5183200,120,1680,250,1600,500,5187230,-4873730
367,American Airlines,Boeing 777-300ER,DFW,HNL,312,700,540,3780,07/07/2025,Domestic,Capt. David Lee,218400,10:30,19:30,Completed,34000,88400,89,0,Jet A-1,Business,-,168.2,5718800,120,1080,520,750,500,5721650,-5503250
368,AirAsia,Airbus A320-200,KUL,SIN,186,80,45,330,08/07/2025,International,Capt. Wei Chen,14880,16:30,17:15,Completed,4500,11700,93,0,Jet A,Economy,-,169.2,761400,120,90,190,1600,500,763780,-748900
369,United Airlines,Boeing 767-400,ORD,MIA,214,300,180,1900,09/07/2025,Domestic,Capt. Emily Johnson,64200,13:50,16:50,Completed,16500,42900,82,0,Jet A,Economy,-,170.2,2808300,120,360,190,750,500,2810100,-2745900
370,Singapore Airlines,Airbus A350-900,SIN,LHR,301,1300,780,6760,10/07/2025,International,Capt. Raj Patel,391300,23:55,06:55+1,Completed,29000,75400,90,0,Jet A-1,First Class,-,171.2,4964800,120,1560,900,1600,500,4969360,-4578060
371,Alaska Airlines,Boeing 737-900,SEA,ANC,178,210,180,1440,11/07/2025,Domestic,Capt. Laura Adams,37380,06:15,09:15,Completed,9500,24700,81,0,Jet A,Economy,-,172.2,1635900,120,360,190,750,500,1637700,-1600320
372,Japan Airlines,Boeing 787-8,HND,SYD,242,1050,840,4870,12/07/2025,International,Capt. Hiroshi Tanaka,254100,18:45,08:45+1,Completed,26000,67600,85,0,Jet A-1,Premium Economy,-,173.2,4503200,120,1680,250,1600,500,4507230,-4253130
373,Spirit Airlines,Airbus A321-200,FTL,ATL,235,90,90,960,13/07/2025,Domestic,Capt. Brian Miller,21150,11:25,12:55,Completed,11000,28600,89,0,Jet A,Economy,-,174.2,1916200,120,180,190,750,500,1917820,-1896670
374,Turkish Airlines,Boeing 777-300,IST,JFK,342,900,540,5010,14/07/2025,International,Capt. Mehmet Yılmaz,307800,15:45,00:45+1,Completed,36000,93600,88,0,Jet A-1,Business,-,175.2,6307200,120,1080,520,1600,500,6310900,-6003100
375,Air France,Airbus A330-200,CDG,DTW,267,700,480,3850,15/07/2025,International,Capt. Sophie Laurent,186900,12:20,19:20,Completed,28000,72800,84,0,Jet A-1,Premium Economy,-,176.2,4933600,120,960,250,1600,500,4936910,-4750010
376,JetBlue,Airbus A220-300,JFK,BOS,120,125,40,300,16/07/2025,Domestic,Capt. Daniel White,15000,07:35,08:15,Completed,2800,7280,83,0,Jet A,Economy,-,177.2,496160,120,80,190,750,500,497680,-482680
377,Cathay Pacific,Airbus A350-1000,HKG,LAX,369,1200,840,6910,17/07/2025,International,Capt. Emily Wong,442800,10:50,01:50+1,Completed,39000,101400,92,0,Jet A-1,First Class,-,178.2,6949800,120,1680,900,1600,500,6954480,-6511680
378,Frontier Airlines,Airbus A319-100,DEN,PHX,156,95,90,600,18/07/2025,Domestic,Capt. Kevin Taylor,14820,14:40,16:10,Completed,6500,16900,87,0,Jet A,Economy,-,179.2,1164800,120,180,190,750,500,1166420,-1151600
379,Qatar Airways,Boeing 777-200LR,DOH,IAH,312,1350,840,7200,19/07/2025,International,Capt. Ali Al-Hashimi,421200,02:45,15:45,Completed,42000,109200,91,0,Jet A-1,First Class,-,180.2,7568400,120,1680,900,1600,500,7573080,-7151880
380,Avianca,Airbus A320-200,BOG,MIA,174,310,180,1480,20/07/2025,International,Capt. Juan Rodríguez,53940,09:10,12:10,Completed,14500,37700,90,0,Jet A,Premium Economy,-,181.2,2627400,120,360,250,1600,500,2630110,-2576170
381,Delta Air Lines,Boeing 757-200,ATL,BNA,178,175,70,390,21/07/2025,Domestic,Capt. Sarah Miller,31150,09:20,10:30,Completed,4500,11700,85,0,Jet A,Economy,-,182.2,819900,120,140,190,750,500,821480,-790330
382,Emirates,Airbus A380-800,DXB,MEL,489,1500,840,7920,22/07/2025,International,Capt. Ahmed Khan,733500,01:30,17:30,Delayed,58000,150800,95,38,Jet A-1,First Class,Technical Issues,183.2,10625600,120,1680,900,1600,500,10630280,-9896780
383,Southwest Airlines,Boeing 737-700,DAL,OKC,143,105,45,300,23/07/2025,Domestic,Capt. Ryan Garcia,15015,12:45,13:30,Completed,2800,7280,91,0,Jet A,Economy,-,184.2,515760,120,90,190,750,500,517290,-502275
384,Lufthansa,Boeing 747-8,FRA,GRU,365,1100,660,5930,24/07/2025,International,Capt. Hans Weber,401500,16:00,06:00+1,Completed,41000,106600,89,0,Jet A-1,Business,-,185.2,7593200,120,1320,520,1600,500,7597140,-7195640
385,Volaris,Airbus A320neo,MEX,MTY,180,150,60,430,25/07/2025,Domestic,Capt. Luis Hernández,27000,14:10,15:10,Completed,3800,9880,94,0,Jet A,Economy,-,186.2,707560,120,120,190,750,500,709120,-682120
386,Qantas,Boeing 787-9,BNE,SIN,242,950,420,3750,26/07/2025,International,Capt. Olivia Brown,229900,08:00,15:00,Completed,29000,75400,85,0,Jet A-1,Premium Economy,-,187.2,5428800,120,840,250,1600,500,5431990,-5202090
387,American Airlines,Boeing 777-200,DFW,CDG,298,1050,540,5010,27/07/2025,International,Capt. Robert Taylor,312900,19:15,10:15+1,Completed,38000,98800,87,0,Jet A-1,Business,-,188.2,7151600,120,1080,520,1600,500,7155300,-6842400
388,AirAsia,Airbus A320-200,DPS,SIN,186,75,90,650,28/07/2025,International,Capt. Priya Singh,13950,17:30,19:00,Completed,5500,14300,93,0,Jet A,Economy,-,189.2,1040600,120,180,190,1600,500,1043070,-1029120
389,United Airlines,Boeing 787-9,ORD,HNL,248,750,540,3780,29/07/2025,Domestic,Capt. Emily Chen,186000,07:30,16:30,Completed,30000,78000,90,0,Jet A-1,Premium Economy,-,190.2,5706000,120,1080,250,750,500,5708580,-5522580
390,Singapore Airlines,Airbus A350-900,SIN,SYD,301,1200,480,3920,30/07/2025,International,Capt. Rajesh Kumar,361200,20:30,06:30+1,Completed,31000,80600,92,0,Jet A-1,First Class,-,191.2,5927200,120,960,900,1600,500,5931160,-5569960
391,Alaska Airlines,Boeing 737-800,SEA,BOI,148,130,60,400,31/07/2025,Domestic,Capt. Laura Wilson,19240,11:20,12:20,Completed,3200,8320,84,0,Jet A,Economy,-,192.2,615040,120,120,190,750,500,616600,-597360
392,Japan Airlines,Boeing 787-8,NRT,HKG,242,920,300,2100,01/08/2025,International,Capt. Kenji Yamamoto,222640,12:45,17:45,Completed,22000,57200,88,0,Jet A-1,Business,-,193.2,4250400,120,600,520,1600,500,4253620,-4030980
393,Spirit Airlines,Airbus A321-200,LAS,PHX,235,90,70,460,02/08/2025,Domestic,Capt. Brian Davis,21150,14:30,15:40,Completed,5000,13000,89,0,Jet A,Economy,-,194.2,971000,120,140,190,750,500,972580,-951430
394,Turkish Airlines,Boeing 777-300ER,IST,ORD,342,1100,600,5100,03/08/2025,International,Capt. Mehmet Yıldız,376200,13:15,23:15,Completed,37000,96200,91,0,Jet A-1,Business,-,195.2,7222400,120,1200,520,1600,500,7226220,-6850020
395,Air France,Airbus A350-900,CDG,JFK,301,1000,420,3630,04/08/2025,International,Capt. Sophie Laurent,301000,15:50,21:50,Delayed,32000,83200,90,25,Jet A-1,Premium Economy,Weather,196.2,6278400,120,840,250,1600,500,6281590,-5980590
396,JetBlue,Airbus A220-300,JFK,DCA,120,115,50,330,05/08/2025,Domestic,Capt. Daniel White,13800,08:40,09:30,Completed,2500,6500,82,0,Jet A,Economy,-,197.2,493000,120,100,190,750,500,494540,-480740
397,Cathay Pacific,Airbus A350-1000,HKG,SFO,369,1300,840,6910,06/08/2025,International,Capt. Emily Wong,479700,10:15,01:15+1,Completed,39000,101400,92,0,Jet A-1,First Class,-,198.2,7729800,120,1680,900,1600,500,7734480,-7254780
398,Frontier Airlines,Airbus A319-100,DEN,ATL,156,95,120,960,07/08/2025,Domestic,Capt. Kevin Taylor,14820,17:30,19:30,Completed,7500,19500,87,0,Jet A,Economy,-,199.2,1494000,120,240,190,750,500,1495680,-1480860
399,Qatar Airways,Boeing 777-300ER,DOH,JFK,312,1500,660,5520,08/08/2025,International,Capt. Ali Al-Mansoori,468000,02:15,14:15,Completed,43000,111800,93,0,Jet A-1,First Class,-,200.2,8608600,120,1320,900,1600,500,8612920,-8144920
400,Avianca,Airbus A320-200,BOG,MIA,174,330,180,1480,09/08/2025,International,Capt. Juan Rodríguez,57420,09:45,12:45,Completed,14500,37700,90,0,Jet A,Premium Economy,-,201.2,2917400,120,360,250,1600,500,2920110,-2862690
401,Air Canada,Airbus A330-300,YUL,YYZ,124,175,60,300,10/08/2025,Domestic,Capt. Sarah Johnson,21700,11:50,12:50,Completed,4500,11700,81,0,Jet A,Economy,-,202.2,909900,120,120,190,750,500,911460,-889760
402,Ryanair,Boeing 737-800,STN,DUB,189,60,90,470,11/08/2025,International,Capt. Sean Murphy,11340,19:45,21:15,Completed,7500,19500,93,0,Jet A,Economy,-,203.2,1524000,120,180,190,1600,500,1526470,-1515130
403,ANA,Boeing 787-9,HND,LAX,248,1100,780,5470,12/08/2025,International,Capt. Kenji Sato,272800,14:15,06:15+1,Completed,29000,75400,89,0,Jet A-1,Business,-,204.2,5921800,120,1560,520,1600,500,5925980,-5653180
404,Hawaiian Airlines,Airbus A330-200,HNL,LAX,278,390,300,2550,13/08/2025,Domestic,Capt. Leilani Koa,108420,08:50,13:50,Completed,19500,50700,85,0,Jet A,Premium Economy,-,205.2,4001400,120,600,250,750,500,4003500,-3895080
405,KLM,Boeing 787-10,AMS,SFO,293,1200,660,5370,14/08/2025,International,Capt. Pieter Van Dijk,351600,12:45,02:45+1,Completed,34000,88400,91,0,Jet A-1,Business,-,206.2,7010800,120,1320,520,1600,500,7014740,-6663140
406,Azul Brazilian Airlines,Embraer E195,CNF,GRU,124,170,70,400,15/08/2025,Domestic,Capt. Thiago Silva,21080,15:45,16:55,Completed,4500,11700,82,0,Jet A,Economy,-,207.2,932400,120,140,190,750,500,933980,-912900
407,Etihad Airways,Airbus A380-800,AUH,CDG,489,1450,420,3400,16/08/2025,International,Capt. Omar Khan,709050,04:15,12:15,Cancelled,48000,124800,95,-,Jet A-1,First Class,Technical Issues,208.2,9993600,120,840,900,1600,500,9997440,-9288390
408,Allegiant Air,Airbus A320-200,SFB,PIE,186,80,45,170,17/08/2025,Domestic,Capt. Lisa Brown,14880,16:45,17:30,Completed,3500,9100,94,0,Jet A,Economy,-,209.2,732200,120,90,190,750,500,733730,-718850
409,Virgin Atlantic,Airbus A350-1000,LHR,LAX,301,1350,660,5440,18/08/2025,International,Capt. Emma Wilson,406350,19:15,08:15+1,Completed,35000,91000,90,0,Jet A-1,First Class,-,210.2,7357000,120,1320,900,1600,500,7361320,-6954970
410,IndiGo,Airbus A320neo,DEL,BOM,180,78,90,1150,19/08/2025,Domestic,Capt. Arjun Patel,14040,07:35,09:05,Delayed,6500,16900,93,15,Jet A,Economy,Technical Issues,211.2,1372800,120,180,190,750,500,1374420,-1360380
411,Delta Air Lines,Boeing 737-900,ATL,MCO,178,195,90,640,20/08/2025,Domestic,Capt. Robert Harris,34710,08:05,09:35,Completed,5800,15080,88,0,Jet A,Economy,-,212.2,1230760,120,180,190,750,500,1232380,-1197670
412,Emirates,Airbus A380-800,DXB,JFK,489,1400,780,11020,21/08/2025,International,Capt. Aisha Al-Mansoori,684600,22:45,11:45+1,Completed,52000,135200,95,0,Jet A-1,First Class,-,213.2,11086400,120,1560,900,1600,500,11090960,-10406360
413,Southwest Airlines,Boeing 737 MAX 8,DAL,HOU,143,118,45,390,22/08/2025,Domestic,Capt. James Wilson,16874,08:55,09:40,Completed,3200,8320,88,0,Jet A,Economy,-,214.2,685440,120,90,190,750,500,686970,-670096
414,Lufthansa,Boeing 747-8,FRA,ORD,365,970,540,6760,23/08/2025,International,Capt. Klaus Fischer,354050,14:05,23:05,Completed,38000,98800,87,0,Jet A-1,Business,-,215.2,8177600,120,1080,520,1600,500,8181300,-7827250
415,Volaris,Airbus A320neo,MEX,CUN,180,185,90,800,24/08/2025,Domestic,Capt. Carlos Méndez,33300,12:50,14:20,Completed,7800,20280,94,0,Jet A,Economy,-,216.2,1686360,120,180,190,750,500,1687980,-1654680
416,Qantas,Boeing 787-9,SYD,LAX,285,1150,840,7480,25/08/2025,International,Capt. Olivia Smith,327750,09:20,22:20,Completed,31000,80600,91,0,Jet A-1,Premium Economy,-,217.2,6733200,120,1680,250,1600,500,6737230,-6409480
417,American Airlines,Boeing 777-300ER,DFW,HNL,312,710,540,3780,26/08/2025,Domestic,Capt. David Lee,221520,10:35,19:35,Completed,34000,88400,89,0,Jet A-1,Business,-,218.2,7418800,120,1080,520,750,500,7421650,-7200130
418,AirAsia,Airbus A320-200,KUL,SIN,186,78,45,330,27/08/2025,International,Capt. Wei Chen,14508,16:35,17:20,Completed,4500,11700,93,0,Jet A,Economy,-,219.2,986400,120,90,190,1600,500,988780,-974272
419,United Airlines,Boeing 767-400,ORD,MIA,214,295,180,1900,28/08/2025,Domestic,Capt. Emily Johnson,63130,13:55,16:55,Completed,16500,42900,82,0,Jet A,Economy,-,220.2,3633300,120,360,190,750,500,3635100,-3571970
420,Singapore Airlines,Airbus A350-900,SIN,LHR,301,1350,780,6760,29/08/2025,International,Capt. Raj Patel,406350,23:50,06:50+1,Completed,29000,75400,90,0,Jet A-1,First Class,-,221.2,6414800,120,1560,900,1600,500,6419360,-6013010
421,Alaska Airlines,Boeing 737-900,SEA,ANC,178,205,180,1440,30/08/2025,Domestic,Capt. Laura Adams,36490,06:10,09:10,Completed,9500,24700,81,0,Jet A,Economy,-,222.2,2110900,120,360,190,750,500,2112700,-2076210
422,Japan Airlines,Boeing 787-8,HND,SYD,242,1080,840,4870,31/08/2025,International,Capt. Hiroshi Tanaka,261360,18:30,08:30+1,Completed,26000,67600,85,0,Jet A-1,Premium Economy,-,223.2,5803200,120,1680,250,1600,500,5807230,-5545870
423,Spirit Airlines,Airbus A321-200,FTL,ATL,235,88,90,960,01/09/2025,Domestic,Capt. Brian Miller,20680,11:30,13:00,Completed,11000,28600,89,0,Jet A,Economy,-,224.2,2466200,120,180,190,750,500,2467820,-2447140
424,Turkish Airlines,Boeing 777-300,IST,JFK,342,880,540,5010,02/09/2025,International,Capt. Mehmet Yılmaz,300960,15:50,00:50+1,Completed,36000,93600,88,0,Jet A-1,Business,-,225.2,8107200,120,1080,520,1600,500,8110900,-7809940
425,Air France,Airbus A330-200,CDG,DTW,267,680,480,3850,03/09/2025,International,Capt. Sophie Laurent,181560,12:25,19:25,Completed,28000,72800,84,0,Jet A-1,Premium Economy,-,226.2,6333600,120,960,250,1600,500,6336910,-6155350
426,JetBlue,Airbus A220-300,JFK,BOS,120,128,40,300,04/09/2025,Domestic,Capt. Daniel White,15360,07:40,08:20,Completed,2800,7280,83,0,Jet A,Economy,-,227.2,636160,120,80,190,750,500,637680,-622320
427,Cathay Pacific,Airbus A350-1000,HKG,LAX,369,1280,840,6910,05/09/2025,International,Capt. Emily Wong,472320,10:40,01:40+1,Completed,39000,101400,92,0,Jet A-1,First Class,-,228.2,8899800,120,1680,900,1600,500,8904480,-8432160
428,Frontier Airlines,Airbus A319-100,DEN,PHX,156,92,90,600,06/09/2025,Domestic,Capt. Kevin Taylor,14352,14:50,16:20,Completed,6500,16900,87,0,Jet A,Economy,-,229.2,1489800,120,180,190,750,500,1491420,-1477068
429,Qatar Airways,Boeing 777-200LR,DOH,IAH,312,1420,840,7200,07/09/2025,International,Capt. Ali Al-Hashimi,443040,02:30,15:30,Completed,42000,109200,91,0,Jet A-1,First Class,-,230.2,9668400,120,1680,900,1600,500,9673080,-9230040
430,Avianca,Airbus A320-200,BOG,MIA,174,315,180,1480,08/09/2025,International,Capt. Juan Rodríguez,54810,09:20,12:20,Completed,14500,37700,90,0,Jet A,Premium Economy,-,231.2,3352400,120,360,250,1600,500,3355110,-3300300
431,Delta Air Lines,Boeing 737-800,ATL,TPA,162,185,80,450,09/09/2025,Domestic,Capt. Robert Harris,29970,06:45,08:05,Completed,5000,13000,91,0,Jet A,Economy,-,232.2,1161000,120,160,190,750,500,1162600,-1132630
432,Emirates,Airbus A380-800,DXB,SYD,489,1550,840,7920,10/09/2025,International,Capt. Aisha Al-Mansoori,757950,02:00,18:00,Completed,58000,150800,95,0,Jet A-1,First Class,-,233.2,13525600,120,1680,900,1600,500,13530280,-12772330
433,Southwest Airlines,Boeing 737-700,DAL,AUS,143,105,30,190,11/09/2025,Domestic,Capt. Ryan Garcia,15015,12:20,12:50,Completed,2500,6500,91,0,Jet A,Economy,-,234.2,585500,120,60,190,750,500,587000,-571985
434,Lufthansa,Boeing 747-8,FRA,GRU,365,1150,660,5930,12/09/2025,International,Capt. Hans Weber,419750,16:15,06:15+1,Completed,41000,106600,89,0,Jet A-1,Business,-,235.2,9643200,120,1320,520,1600,500,9647140,-9227390
435,Volaris,Airbus A320neo,MEX,MTY,180,155,60,430,13/09/2025,Domestic,Capt. Luis Hernández,27900,14:30,15:30,Completed,3800,9880,94,0,Jet A,Economy,-,236.2,897560,120,120,190,750,500,899120,-871220
436,Qantas,Boeing 787-9,BNE,SIN,242,980,420,3750,14/09/2025,International,Capt. Olivia Brown,237160,08:15,15:15,Completed,29000,75400,85,0,Jet A-1,Premium Economy,-,237.2,6878800,120,840,250,1600,500,6881990,-6644830
437,American Airlines,Boeing 777-200,DFW,CDG,298,1080,540,5010,15/09/2025,International,Capt. Robert Taylor,321840,19:30,10:30+1,Completed,38000,98800,87,0,Jet A-1,Business,-,238.2,9051600,120,1080,520,1600,500,9055300,-8733460
438,AirAsia,Airbus A320-200,DPS,SIN,186,80,90,650,16/09/2025,International,Capt. Priya Singh,14880,17:45,19:15,Completed,5500,14300,93,0,Jet A,Economy,-,239.2,1315600,120,180,190,1600,500,1318070,-1303190
439,United Airlines,Boeing 787-9,ORD,HNL,248,770,540,3780,17/09/2025,Domestic,Capt. Emily Chen,190960,07:45,16:45,Completed,30000,78000,90,0,Jet A-1,Premium Economy,-,240.2,7206000,120,1080,250,750,500,7208580,-7017620
440,Singapore Airlines,Airbus A350-900,SIN,SYD,301,1250,480,3920,18/09/2025,International,Capt. Rajesh Kumar,376250,20:45,06:45+1,Completed,31000,80600,92,0,Jet A-1,First Class,-,241.2,7477200,120,960,900,1600,500,7481160,-7104910
441,Alaska Airlines,Boeing 737-800,SEA,BOI,148,135,60,400,19/09/2025,Domestic,Capt. Laura Wilson,19980,11:35,12:35,Completed,3200,8320,84,0,Jet A,Economy,-,242.2,775040,120,120,190,750,500,776600,-756620
442,Japan Airlines,Boeing 787-8,NRT,HKG,242,940,300,2100,20/09/2025,International,Capt. Kenji Yamamoto,227480,12:50,17:50,Completed,22000,57200,88,0,Jet A-1,Business,-,243.2,5350400,120,600,520,1600,500,5353620,-5126140
443,Spirit Airlines,Airbus A321-200,LAS,PHX,235,95,70,460,21/09/2025,Domestic,Capt. Brian Davis,22325,14:45,15:55,Completed,5000,13000,89,0,Jet A,Economy,-,244.2,1221000,120,140,190,750,500,1222580,-1200255
444,Turkish Airlines,Boeing 777-300ER,IST,ORD,342,1150,600,5100,22/09/2025,International,Capt. Mehmet Yıldız,393300,13:30,23:30,Completed,37000,96200,91,0,Jet A-1,Business,-,245.2,9072400,120,1200,520,1600,500,9076220,-8682920
445,Air France,Airbus A350-900,CDG,JFK,301,1050,420,3630,23/09/2025,International,Capt. Sophie Laurent,316050,16:00,22:00,Delayed,32000,83200,90,18,Jet A-1,Premium Economy,Weather,246.2,7878400,120,840,250,1600,500,7881590,-7565540
446,JetBlue,Airbus A220-300,JFK,DCA,120,120,50,330,24/09/2025,Domestic,Capt. Daniel White,14400,08:50,09:40,Completed,2500,6500,82,0,Jet A,Economy,-,247.2,618000,120,100,190,750,500,619540,-605140
447,Cathay Pacific,Airbus A350-1000,HKG,SFO,369,1350,840,6910,25/09/2025,International,Capt. Emily Wong,498150,10:30,01:30+1,Completed,39000,101400,92,0,Jet A-1,First Class,-,248.2,9679800,120,1680,900,1600,500,9684480,-9186330
448,Frontier Airlines,Airbus A319-100,DEN,ATL,156,98,120,960,26/09/2025,Domestic,Capt. Kevin Taylor,15288,17:45,19:45,Completed,7500,19500,87,0,Jet A,Economy,-,249.2,1869000,120,240,190,750,500,1870680,-1855392
449,Qatar Airways,Boeing 777-300ER,DOH,JFK,312,1550,660,5520,27/09/2025,International,Capt. Ali Al-Mansoori,483600,02:30,14:30,Completed,43000,111800,93,0,Jet A-1,First Class,-,250.2,10758600,120,1320,900,1600,500,10762920,-10279320
450,Avianca,Airbus A320-200,BOG,MIA,174,340,180,1480,28/09/2025,International,Capt. Juan Rodríguez,59160,09:50,12:50,Completed,14500,37700,90,0,Jet A,Premium Economy,-,251.2,3642400,120,360,250,1600,500,3645110,-3585950
451,Air Canada,Airbus A330-300,YUL,YYZ,124,180,60,300,29/09/2025,Domestic,Capt. Sarah Johnson,22320,12:00,13:00,Completed,4500,11700,81,0,Jet A,Economy,-,252.2,1134900,120,120,190,750,500,1136460,-1114140
452,Ryanair,Boeing 737-800,STN,DUB,189,62,90,470,30/09/2025,International,Capt. Sean Murphy,11718,19:50,21:20,Completed,7500,19500,93,0,Jet A,Economy,-,253.2,1899000,120,180,190,1600,500,1901470,-1889752
453,ANA,Boeing 787-9,HND,LAX,248,1150,780,5470,01/10/2025,International,Capt. Kenji Sato,285200,14:30,06:30+1,Completed,29000,75400,89,0,Jet A-1,Business,-,254.2,7371800,120,1560,520,1600,500,7375980,-7090780
454,Hawaiian Airlines,Airbus A330-200,HNL,LAX,278,405,300,2550,02/10/2025,Domestic,Capt. Leilani Koa,112590,09:00,14:00,Completed,19500,50700,85,0,Jet A,Premium Economy,-,255.2,4976400,120,600,250,750,500,4978500,-4865910
455,KLM,Boeing 787-10,AMS,SFO,293,1250,660,5370,03/10/2025,International,Capt. Pieter Van Dijk,366250,13:00,03:00+1,Completed,34000,88400,91,0,Jet A-1,Business,-,256.2,8710800,120,1320,520,1600,500,8714740,-8348490
456,Azul Brazilian Airlines,Embraer E195,CNF,GRU,124,175,70,400,04/10/2025,Domestic,Capt. Thiago Silva,21700,16:00,17:10,Completed,4500,11700,82,0,Jet A,Economy,-,257.2,1157400,120,140,190,750,500,1158980,-1137280
457,Etihad Airways,Airbus A380-800,AUH,CDG,489,1500,420,3400,05/10/2025,International,Capt. Omar Khan,733500,04:30,12:30,Cancelled,48000,124800,95,-,Jet A-1,First Class,Technical Issues,258.2,12393600,120,840,900,1600,500,12397440,-11663940
458,Allegiant Air,Airbus A320-200,SFB,PIE,186,82,45,170,06/10/2025,Domestic,Capt. Lisa Brown,15252,17:00,17:45,Completed,3500,9100,94,0,Jet A,Economy,-,259.2,907200,120,90,190,750,500,908730,-893478
459,Virgin Atlantic,Airbus A350-1000,LHR,LAX,301,1400,660,5440,07/10/2025,International,Capt. Emma Wilson,421400,19:30,08:30+1,Completed,35000,91000,90,0,Jet A-1,First Class,-,260.2,9107000,120,1320,900,1600,500,9111320,-8689920
460,IndiGo,Airbus A320neo,DEL,BOM,180,82,90,1150,08/10/2025,Domestic,Capt. Arjun Patel,14760,07:50,09:20,Delayed,6500,16900,93,20,Jet A,Economy,Air Traffic Control,261.2,1697800,120,180,190,750,500,1699420,-1684660
461,Delta Air Lines,Boeing 737-900,ATL,MCO,178,200,90,640,09/10/2025,Domestic,Capt. Robert Harris,35600,08:15,09:45,Completed,5800,15080,88,0,Jet A,Economy,-,262.2,1520760,120,180,190,750,500,1522380,-1486780
462,Emirates,Airbus A380-800,DXB,JFK,489,1450,780,11020,10/10/2025,International,Capt. Aisha Al-Mansoori,709050,23:00,12:00+1,Completed,52000,135200,95,0,Jet A-1,First Class,-,263.2,13686400,120,1560,900,1600,500,13690960,-12981910
463,Southwest Airlines,Boeing 737 MAX 8,DAL,HOU,143,122,45,390,11/10/2025,Domestic,Capt. James Wilson,17446,09:10,09:55,Completed,3200,8320,88,0,Jet A,Economy,-,264.2,845440,120,90,190,750,500,846970,-829524
464,Lufthansa,Boeing 747-8,FRA,ORD,365,990,540,6760,12/10/2025,International,Capt. Klaus Fischer,361350,14:25,23:25,Completed,38000,98800,87,0,Jet A-1,Business,-,265.2,10077600,120,1080,520,1600,500,10081300,-9719950
465,Volaris,Airbus A320neo,MEX,CUN,180,190,90,800,13/10/2025,Domestic,Capt. Carlos Méndez,34200,13:15,14:45,Completed,7800,20280,94,0,Jet A,Economy,-,266.2,2076360,120,180,190,750,500,2077980,-2043780
466,Qantas,Boeing 787-9,SYD,LAX,285,1200,840,7480,14/10/2025,International,Capt. Olivia Smith,342000,09:30,22:30,Completed,31000,80600,91,0,Jet A-1,Premium Economy,-,267.2,8283200,120,1680,250,1600,500,8287230,-7945230
467,American Airlines,Boeing 777-300ER,DFW,HNL,312,730,540,3780,15/10/2025,Domestic,Capt. David Lee,227760,10:50,19:50,Completed,34000,88400,89,0,Jet A-1,Business,-,268.2,9118800,120,1080,520,750,500,9121650,-8893890
468,AirAsia,Airbus A320-200,KUL,SIN,186,83,45,330,16/10/2025,International,Capt. Wei Chen,15438,16:50,17:35,Completed,4500,11700,93,0,Jet A,Economy,-,269.2,1211400,120,90,190,1600,500,1213780,-1198342
469,United Airlines,Boeing 767-400,ORD,MIA,214,305,180,1900,17/10/2025,Domestic,Capt. Emily Johnson,65270,14:10,17:10,Completed,16500,42900,82,0,Jet A,Economy,-,270.2,4458300,120,360,190,750,500,4460100,-4394830
470,Singapore Airlines,Airbus A350-900,SIN,LHR,301,1400,780,6760,18/10/2025,International,Capt. Raj Patel,421400,00:05,07:05+1,Completed,29000,75400,90,0,Jet A-1,First Class,-,271.2,7864800,120,1560,900,1600,500,7869360,-7447960
471,Alaska Airlines,Boeing 737-900,SEA,ANC,178,210,180,1440,19/10/2025,Domestic,Capt. Laura Adams,37380,06:20,09:20,Completed,9500,24700,81,0,Jet A,Economy,-,272.2,2585900,120,360,190,750,500,2587700,-2550320
472,Japan Airlines,Boeing 787-8,HND,SYD,242,1120,840,4870,20/10/2025,International,Capt. Hiroshi Tanaka,271040,18:45,08:45+1,Completed,26000,67600,85,0,Jet A-1,Premium Economy,-,273.2,7103200,120,1680,250,1600,500,7107230,-6836190
473,Spirit Airlines,Airbus A321-200,FTL,ATL,235,92,90,960,21/10/2025,Domestic,Capt. Brian Miller,21620,11:45,13:15,Completed,11000,28600,89,0,Jet A,Economy,-,274.2,3016200,120,180,190,750,500,3017820,-2996200
474,Turkish Airlines,Boeing 777-300,IST,JFK,342,920,540,5010,22/10/2025,International,Capt. Mehmet Yılmaz,314640,16:05,01:05+1,Completed,36000,93600,88,0,Jet A-1,Business,-,275.2,9907200,120,1080,520,1600,500,9910900,-9596260
475,Air France,Airbus A330-200,CDG,DTW,267,700,480,3850,23/10/2025,International,Capt. Sophie Laurent,186900,12:40,19:40,Completed,28000,72800,84,0,Jet A-1,Premium Economy,-,276.2,7733600,120,960,250,1600,500,7736910,-7550010
476,JetBlue,Airbus A220-300,JFK,BOS,120,130,40,300,24/10/2025,Domestic,Capt. Daniel White,15600,07:50,08:30,Completed,2800,7280,83,0,Jet A,Economy,-,277.2,776160,120,80,190,750,500,777680,-762080
477,Cathay Pacific,Airbus A350-1000,HKG,LAX,369,1400,840,6910,25/10/2025,International,Capt. Emily Wong,516600,10:50,01:50+1,Completed,39000,101400,92,0,Jet A-1,First Class,-,278.2,10849800,120,1680,900,1600,500,10854480,-10337880
478,Frontier Airlines,Airbus A319-100,DEN,PHX,156,96,90,600,26/10/2025,Domestic,Capt. Kevin Taylor,14976,15:00,16:30,Completed,6500,16900,87,0,Jet A,Economy,-,279.2,1814800,120,180,190,750,500,1816420,-1801444
479,Qatar Airways,Boeing 777-200LR,DOH,IAH,312,1480,840,7200,27/10/2025,International,Capt. Ali Al-Hashimi,461760,03:00,16:00,Completed,42000,109200,91,0,Jet A-1,First Class,-,280.2,11768400,120,1680,900,1600,500,11773080,-11311320
480,Avianca,Airbus A320-200,BOG,MIA,174,350,180,1480,28/10/2025,International,Capt. Juan Rodríguez,60900,10:00,13:00,Completed,14500,37700,90,0,Jet A,Premium Economy,-,281.2,4077400,120,360,250,1600,500,4080110,-4019210
